{
  "versao": "M2-Ensemble-v1",
  "treinado_em": "2026-04-05",
  "features": [
    "lag_1",
    "lag_2",
    "lag_3",
    "lag_6",
    "lag_12",
    "rolling_mean_3",
    "rolling_mean_6",
    "rolling_mean_12",
    "rolling_std_3",
    "mes_do_ano",
    "trimestre",
    "is_recesso",
    "is_pandemia",
    "mes_sin",
    "mes_cos",
    "area_civel"
  ],
  "best_alpha_ensemble": 0.0,
  "beta_shape": [
    17
  ],
  "feature_means": [
    18.33560929913447,
    18.287319242136373,
    18.20579348743931,
    17.90621701498839,
    17.25213083175005,
    18.276240676236718,
    18.146063128914218,
    17.829996899408908,
    5.347407620446158,
    6.5,
    2.5,
    0.16666666666666666,
    0.25,
    -2.9914941744408454e-10,
    -1.116440804428724e-09,
    0.6437816656111462
  ],
  "feature_stds": [
    93.47753403350112,
    97.86567171047226,
    98.41954711610794,
    100.29900749224,
    100.63132978646846,
    86.82881174126494,
    83.5479568492075,
    80.01628906910935,
    51.61025940315568,
    3.452052529534663,
    1.118033988749895,
    0.3726779962499649,
    0.4330127018922193,
    0.7071067815529293,
    0.7071067808201658,
    0.4788808125557804
  ],
  "beta": [
    18.35526176905214,
    30.72080904694819,
    2.518929096642842,
    11.599568820409766,
    1.9906404887614662,
    9.402312896126983,
    16.353426056746024,
    6.81328891137001,
    12.893185320057306,
    -22.97605532313868,
    -0.3069989630980002,
    -0.7836363684956164,
    -0.5303413948281696,
    -0.07384371228252198,
    -0.9965599310911045,
    -0.6599275467404775,
    -0.1253027350530755
  ],
  "metricas_teste": [
    {
      "modelo": "M0 — Naïve Sazonal",
      "MAE": 8.82,
      "RMSE": 26.88,
      "WMAPE": 34.54
    },
    {
      "modelo": "M1 — Linear Global OLS",
      "MAE": 6.09,
      "RMSE": 14.4,
      "WMAPE": 23.84
    },
    {
      "modelo": "M2 — Ensemble (α=0.0)",
      "MAE": 6.09,
      "RMSE": 14.4,
      "WMAPE": 23.84
    }
  ]
}